,RMSE,MAE,R2
RNN,0.03031209111213684,0.1366424411535263,0.8301352858543396
LSTM,0.01885511912405491,0.1132156103849411,0.8943385481834412
GRU,0.018654407933354378,0.11096353828907013,0.8954632878303528
