{
  "RNN": {
    "RMSE": 0.03031209111213684,
    "MAE": 0.1366424411535263,
    "R2": 0.8301352858543396
  },
  "LSTM": {
    "RMSE": 0.01885511912405491,
    "MAE": 0.1132156103849411,
    "R2": 0.8943385481834412
  },
  "GRU": {
    "RMSE": 0.018654407933354378,
    "MAE": 0.11096353828907013,
    "R2": 0.8954632878303528
  }
}