{
  "RNN": {
    "RMSE": 0.09681114554405212,
    "MAE": 0.24991437792778015,
    "R2": 0.9161144495010376
  },
  "LSTM": {
    "RMSE": 0.1428525447845459,
    "MAE": 0.2958923578262329,
    "R2": 0.876220166683197
  },
  "GRU": {
    "RMSE": 0.08156748116016388,
    "MAE": 0.2127734124660492,
    "R2": 0.9293228387832642
  }
}