,RMSE,MAE,R2
RNN,0.09681114554405212,0.24991437792778015,0.9161144495010376
LSTM,0.1428525447845459,0.2958923578262329,0.876220166683197
GRU,0.08156748116016388,0.2127734124660492,0.9293228387832642
