{
  "RNN": {
    "RMSE": 0.023780783638358116,
    "MAE": 0.1194133386015892,
    "R2": 0.8667358160018921
  },
  "LSTM": {
    "RMSE": 0.021330397576093674,
    "MAE": 0.12102021276950836,
    "R2": 0.880467414855957
  },
  "GRU": {
    "RMSE": 0.022891949862241745,
    "MAE": 0.11831580102443695,
    "R2": 0.8717167377471924
  }
}