,RMSE,MAE,R2
RNN,0.023780783638358116,0.1194133386015892,0.8667358160018921
LSTM,0.021330397576093674,0.12102021276950836,0.880467414855957
GRU,0.022891949862241745,0.11831580102443695,0.8717167377471924
